{
  "always-semicolon": true,
  "block-indent": 2,
  "color-case": "upper",
  "color-shorthand": true,
  "leading-zero": true,
  "remove-empty-rulesets": true,
  "space-after-colon": 1,
  "space-after-combinator": 1,
  "space-between-declarations": "\n",
  "space-after-opening-brace": "\n",
  "space-after-selector-delimiter": 1,
  "space-before-closing-brace": "\n",
  "space-before-colon": 0,
  "space-before-combinator": 1,
  "unitless-zero": true,
  "vendor-prefix-align": true,
  "strip-spaces": false,
  "tab-size": 2
}